{
  "dataset_name": "biometric",
  "analysis_column": "total_enrollment",
  "sample_size": 10000,
  "normality_tests": {
    "shapiro_wilk": {
      "statistic": 0.5306395404125721,
      "p_value": 8.68328190484848e-79,
      "is_normal": "False"
    },
    "dagostino_pearson": {
      "statistic": 10551.222593242168,
      "p_value": 0.0,
      "is_normal": "False"
    },
    "kolmogorov_smirnov": {
      "statistic": 0.275826954344363,
      "p_value": 0.0,
      "is_normal": "False"
    }
  },
  "best_fit_distribution": {
    "distribution": "lognorm",
    "parameters": [
      11.899006161295462,
      0.9999999999999998,
      0.16055186152352402
    ],
    "aic": 41331.103002570395,
    "log_likelihood": -20662.551501285197
  },
  "percentiles": {
    "p1": 1.0,
    "p5": 1.0,
    "p10": 1.0,
    "p25": 3.0,
    "p50": 9.0,
    "p75": 23.0,
    "p90": 49.0,
    "p95": 72.0,
    "p99": 148.02000000000044
  },
  "histogram": {
    "counts": [
      5878,
      1802,
      805,
      474,
      339,
      183,
      152,
      83,
      63,
      50,
      32,
      18,
      25,
      19,
      12,
      11,
      9,
      2,
      7,
      8,
      6,
      5,
      2,
      1,
      1,
      0,
      1,
      3,
      0,
      1,
      1,
      1,
      0,
      0,
      1,
      0,
      2,
      0,
      0,
      0,
      0,
      1,
      0,
      0,
      0,
      1,
      0,
      0,
      0,
      1
    ],
    "bin_edges": [
      1.0,
      12.62,
      24.24,
      35.86,
      47.48,
      59.099999999999994,
      70.72,
      82.33999999999999,
      93.96,
      105.58,
      117.19999999999999,
      128.82,
      140.44,
      152.06,
      163.67999999999998,
      175.29999999999998,
      186.92,
      198.54,
      210.16,
      221.77999999999997,
      233.39999999999998,
      245.01999999999998,
      256.64,
      268.26,
      279.88,
      291.5,
      303.12,
      314.73999999999995,
      326.35999999999996,
      337.97999999999996,
      349.59999999999997,
      361.21999999999997,
      372.84,
      384.46,
      396.08,
      407.7,
      419.32,
      430.94,
      442.55999999999995,
      454.17999999999995,
      465.79999999999995,
      477.41999999999996,
      489.03999999999996,
      500.65999999999997,
      512.28,
      523.9,
      535.52,
      547.14,
      558.76,
      570.38,
      582.0
    ]
  }
}