{
  "dataset_name": "demographic",
  "columns_analyzed": [
    "pincode",
    "demo_age_5_17",
    "demo_age_17_",
    "population_2011",
    "area_sq_km",
    "density_per_sq_km",
    "literacy_rate",
    "sex_ratio",
    "avg_temp_min_c",
    "avg_temp_max_c",
    "avg_rainfall_mm",
    "per_capita_income_inr",
    "hdi",
    "total_enrollment"
  ],
  "pearson_correlation": {
    "pincode": {
      "pincode": 1.0,
      "demo_age_5_17": -0.10850142869589051,
      "demo_age_17_": -0.1482589900539136,
      "population_2011": -0.2413458349502674,
      "area_sq_km": -0.42153350542494405,
      "density_per_sq_km": -0.11054954492612683,
      "literacy_rate": -0.16467230046449033,
      "sex_ratio": 0.44131717807780807,
      "avg_temp_min_c": 0.34979671852180405,
      "avg_temp_max_c": -0.46434509375929517,
      "avg_rainfall_mm": 0.5110421336145523,
      "per_capita_income_inr": -0.4022824076524622,
      "hdi": -0.3496865844641569,
      "total_enrollment": -0.14843430090244358
    },
    "demo_age_5_17": {
      "pincode": -0.10850142869589051,
      "demo_age_5_17": 1.0,
      "demo_age_17_": 0.6929601608691925,
      "population_2011": 0.1873185544403276,
      "area_sq_km": 0.08122759007784483,
      "density_per_sq_km": 0.09781207296851388,
      "literacy_rate": -0.1344825405200196,
      "sex_ratio": -0.15530402468457558,
      "avg_temp_min_c": -0.18182188022609694,
      "avg_temp_max_c": 0.20848907966370347,
      "avg_rainfall_mm": -0.1157127290648884,
      "per_capita_income_inr": -0.12854322408492885,
      "hdi": -0.16699804602233143,
      "total_enrollment": 0.7464372543916367
    },
    "demo_age_17_": {
      "pincode": -0.1482589900539136,
      "demo_age_5_17": 0.6929601608691925,
      "demo_age_17_": 1.0,
      "population_2011": 0.28605108194027284,
      "area_sq_km": 0.12388528157824621,
      "density_per_sq_km": 0.10098609392333627,
      "literacy_rate": -0.058477936756207764,
      "sex_ratio": -0.2100066026374796,
      "avg_temp_min_c": -0.19100289868247014,
      "avg_temp_max_c": 0.2104057620778516,
      "avg_rainfall_mm": -0.06841287799912349,
      "per_capita_income_inr": -0.10076594239324449,
      "hdi": -0.11870662508975707,
      "total_enrollment": 0.9970288608963256
    },
    "population_2011": {
      "pincode": -0.2413458349502674,
      "demo_age_5_17": 0.1873185544403276,
      "demo_age_17_": 0.28605108194027284,
      "population_2011": 1.0,
      "area_sq_km": 0.5233432373824101,
      "density_per_sq_km": 0.00414864329532935,
      "literacy_rate": -0.15469115772554679,
      "sex_ratio": -0.42960549549784643,
      "avg_temp_min_c": -0.19594370519018608,
      "avg_temp_max_c": 0.4483377959148573,
      "avg_rainfall_mm": -0.2051206746636995,
      "per_capita_income_inr": -0.25558670871066486,
      "hdi": -0.23215629583615413,
      "total_enrollment": 0.28403626240863844
    },
    "area_sq_km": {
      "pincode": -0.42153350542494405,
      "demo_age_5_17": 0.08122759007784483,
      "demo_age_17_": 0.12388528157824621,
      "population_2011": 0.5233432373824101,
      "area_sq_km": 1.0,
      "density_per_sq_km": -0.2831122975512793,
      "literacy_rate": 0.006013284095389146,
      "sex_ratio": -0.28355712602313826,
      "avg_temp_min_c": 0.08480869405237244,
      "avg_temp_max_c": 0.4680243353754907,
      "avg_rainfall_mm": -0.3390860192538417,
      "per_capita_income_inr": 0.1265627867980152,
      "hdi": 0.011076924853845099,
      "total_enrollment": 0.12302360417021851
    },
    "density_per_sq_km": {
      "pincode": -0.11054954492612683,
      "demo_age_5_17": 0.09781207296851388,
      "demo_age_17_": 0.10098609392333627,
      "population_2011": 0.00414864329532935,
      "area_sq_km": -0.2831122975512793,
      "density_per_sq_km": 1.0,
      "literacy_rate": 0.12689890503239915,
      "sex_ratio": -0.24955104483901283,
      "avg_temp_min_c": -0.17341333262914027,
      "avg_temp_max_c": 0.1320380795658554,
      "avg_rainfall_mm": -0.049085861436310003,
      "per_capita_income_inr": 0.18393683350314594,
      "hdi": 0.11277106041170135,
      "total_enrollment": 0.10365969288688498
    },
    "literacy_rate": {
      "pincode": -0.16467230046449033,
      "demo_age_5_17": -0.1344825405200196,
      "demo_age_17_": -0.058477936756207764,
      "population_2011": -0.15469115772554679,
      "area_sq_km": 0.006013284095389146,
      "density_per_sq_km": 0.12689890503239915,
      "literacy_rate": 1.0,
      "sex_ratio": 0.21242957990049272,
      "avg_temp_min_c": 0.2446364212127169,
      "avg_temp_max_c": -0.40908509294599166,
      "avg_rainfall_mm": 0.39714407579656263,
      "per_capita_income_inr": 0.6424692877883876,
      "hdi": 0.8021122798571699,
      "total_enrollment": -0.06834281878913427
    },
    "sex_ratio": {
      "pincode": 0.44131717807780807,
      "demo_age_5_17": -0.15530402468457558,
      "demo_age_17_": -0.2100066026374796,
      "population_2011": -0.42960549549784643,
      "area_sq_km": -0.28355712602313826,
      "density_per_sq_km": -0.24955104483901283,
      "literacy_rate": 0.21242957990049272,
      "sex_ratio": 1.0,
      "avg_temp_min_c": 0.6322052299768675,
      "avg_temp_max_c": -0.5627755766150598,
      "avg_rainfall_mm": 0.3804809384448332,
      "per_capita_income_inr": 0.11579837395021636,
      "hdi": 0.23672302113021418,
      "total_enrollment": -0.2104273033347946
    },
    "avg_temp_min_c": {
      "pincode": 0.34979671852180405,
      "demo_age_5_17": -0.18182188022609694,
      "demo_age_17_": -0.19100289868247014,
      "population_2011": -0.19594370519018608,
      "area_sq_km": 0.08480869405237244,
      "density_per_sq_km": -0.17341333262914027,
      "literacy_rate": 0.2446364212127169,
      "sex_ratio": 0.6322052299768675,
      "avg_temp_min_c": 1.0,
      "avg_temp_max_c": -0.2693527481386024,
      "avg_rainfall_mm": 0.09026440195661774,
      "per_capita_income_inr": 0.43984688430878555,
      "hdi": 0.38506551030718855,
      "total_enrollment": -0.19572017607067896
    },
    "avg_temp_max_c": {
      "pincode": -0.46434509375929517,
      "demo_age_5_17": 0.20848907966370347,
      "demo_age_17_": 0.2104057620778516,
      "population_2011": 0.4483377959148573,
      "area_sq_km": 0.4680243353754907,
      "density_per_sq_km": 0.1320380795658554,
      "literacy_rate": -0.40908509294599166,
      "sex_ratio": -0.5627755766150598,
      "avg_temp_min_c": -0.2693527481386024,
      "avg_temp_max_c": 1.0,
      "avg_rainfall_mm": -0.6778948304275952,
      "per_capita_income_inr": -0.20105796335469842,
      "hdi": -0.33366047377452807,
      "total_enrollment": 0.2164780036096813
    },
    "avg_rainfall_mm": {
      "pincode": 0.5110421336145523,
      "demo_age_5_17": -0.1157127290648884,
      "demo_age_17_": -0.06841287799912349,
      "population_2011": -0.2051206746636995,
      "area_sq_km": -0.3390860192538417,
      "density_per_sq_km": -0.049085861436310003,
      "literacy_rate": 0.39714407579656263,
      "sex_ratio": 0.3804809384448332,
      "avg_temp_min_c": 0.09026440195661774,
      "avg_temp_max_c": -0.6778948304275952,
      "avg_rainfall_mm": 1.0,
      "per_capita_income_inr": -0.0828601554337976,
      "hdi": 0.05009576970263371,
      "total_enrollment": -0.07550733932586086
    },
    "per_capita_income_inr": {
      "pincode": -0.4022824076524622,
      "demo_age_5_17": -0.12854322408492885,
      "demo_age_17_": -0.10076594239324449,
      "population_2011": -0.25558670871066486,
      "area_sq_km": 0.1265627867980152,
      "density_per_sq_km": 0.18393683350314594,
      "literacy_rate": 0.6424692877883876,
      "sex_ratio": 0.11579837395021636,
      "avg_temp_min_c": 0.43984688430878555,
      "avg_temp_max_c": -0.20105796335469842,
      "avg_rainfall_mm": -0.0828601554337976,
      "per_capita_income_inr": 1.0,
      "hdi": 0.8809207778099354,
      "total_enrollment": -0.10673980353247017
    },
    "hdi": {
      "pincode": -0.3496865844641569,