{
  "dataset_name": "demographic",
  "analysis_column": "total_enrollment",
  "sample_size": 10000,
  "normality_tests": {
    "shapiro_wilk": {
      "statistic": 0.5849869637382452,
      "p_value": 3.578498570102951e-76,
      "is_normal": "False"
    },
    "dagostino_pearson": {
      "statistic": 12256.693709034433,
      "p_value": 0.0,
      "is_normal": "False"
    },
    "kolmogorov_smirnov": {
      "statistic": 0.2839418831289808,
      "p_value": 0.0,
      "is_normal": "False"
    }
  },
  "best_fit_distribution": {
    "distribution": "lognorm",
    "parameters": [
      1.2124633431396348,
      -0.036884613890696416,
      5.748747035300454
    ],
    "aic": 67217.56125105302,
    "log_likelihood": -33605.78062552651
  },
  "percentiles": {
    "p1": 1.0,
    "p5": 1.0,
    "p10": 1.0,
    "p25": 2.0,
    "p50": 5.0,
    "p75": 14.0,
    "p90": 30.100000000000364,
    "p95": 45.0,
    "p99": 88.02000000000044
  },
  "histogram": {
    "counts": [
      6839,
      1642,
      632,
      351,
      191,
      114,
      73,
      49,
      27,
      28,
      9,
      14,
      6,
      8,
      1,
      2,
      3,
      1,
      2,
      0,
      2,
      1,
      0,
      0,
      1,
      1,
      0,
      1,
      0,
      0,
      0,
      0,
      0,
      1,
      0,
      0,
      0,
      0,
      0,
      0,
      0,
      0,
      0,
      0,
      0,
      0,
      0,
      0,
      0,
      1
    ],
    "bin_edges": [
      0.0,
      10.78,
      21.56,
      32.339999999999996,
      43.12,
      53.9,
      64.67999999999999,
      75.46,
      86.24,
      97.02,
      107.8,
      118.58,
      129.35999999999999,
      140.14,
      150.92,
      161.7,
      172.48,
      183.26,
      194.04,
      204.82,
      215.6,
      226.38,
      237.16,
      247.94,
      258.71999999999997,
      269.5,
      280.28,
      291.06,
      301.84,
      312.62,
      323.4,
      334.18,
      344.96,
      355.73999999999995,
      366.52,
      377.29999999999995,
      388.08,
      398.85999999999996,
      409.64,
      420.41999999999996,
      431.2,
      441.97999999999996,
      452.76,
      463.53999999999996,
      474.32,
      485.09999999999997,
      495.88,
      506.65999999999997,
      517.4399999999999,
      528.2199999999999,
      539.0
    ]
  }
}