{
  "dataset_name": "enrollment",
  "analysis_column": "total_enrollment",
  "sample_size": 10000,
  "normality_tests": {
    "shapiro_wilk": {
      "statistic": 0.5437022911424494,
      "p_value": 3.4870692371808956e-78,
      "is_normal": "False"
    },
    "dagostino_pearson": {
      "statistic": 10111.458221461293,
      "p_value": 0.0,
      "is_normal": "False"
    },
    "kolmogorov_smirnov": {
      "statistic": 0.28969201544581646,
      "p_value": 0.0,
      "is_normal": "False"
    }
  },
  "best_fit_distribution": {
    "distribution": "lognorm",
    "parameters": [
      17.108807257254607,
      0.9999999999999998,
      4.7861630687822274e-05
    ],
    "aic": -113767.28991234681,
    "log_likelihood": 56886.644956173404
  },
  "percentiles": {
    "p1": 1.0,
    "p5": 1.0,
    "p10": 1.0,
    "p25": 1.0,
    "p50": 3.0,
    "p75": 6.0,
    "p90": 12.0,
    "p95": 18.0,
    "p99": 37.01000000000022
  },
  "histogram": {
    "counts": [
      5913,
      1848,
      645,
      545,
      230,
      235,
      127,
      125,
      53,
      53,
      29,
      37,
      22,
      33,
      11,
      17,
      11,
      10,
      12,
      7,
      1,
      2,
      5,
      1,
      1,
      5,
      1,
      2,
      6,
      0,
      2,
      1,
      0,
      2,
      3,
      1,
      1,
      1,
      0,
      0,
      0,
      0,
      0,
      0,
      0,
      0,
      1,
      0,
      0,
      1
    ],
    "bin_edges": [
      1.0,
      3.52,
      6.04,
      8.56,
      11.08,
      13.6,
      16.12,
      18.64,
      21.16,
      23.68,
      26.2,
      28.72,
      31.240000000000002,
      33.76,
      36.28,
      38.8,
      41.32,
      43.84,
      46.36,
      48.88,
      51.4,
      53.92,
      56.44,
      58.96,
      61.480000000000004,
      64.0,
      66.52,
      69.04,
      71.56,
      74.08,
      76.6,
      79.12,
      81.64,
      84.16,
      86.68,
      89.2,
      91.72,
      94.24,
      96.76,
      99.28,
      101.8,
      104.32000000000001,
      106.84,
      109.36,
      111.88,
      114.4,
      116.92,
      119.44,
      121.96000000000001,
      124.48,
      127.0
    ]
  }
}